permno,ticker,name,weight,sector,MLScore,alt_alpha_score,SUEScore,ValueScore,RevMomScore,IntegratedScore,FinalScore,current_price
24875,ALAB,ASTERA LABS INC,0.009471153846153848,Other,0.03481556418106686,5.0,0.9523012552301255,0.2782207216326909,1.2353768090955732,0.8403962326038565,0.964176245210728,311.989990234375
77918,LFUS,LITTELFUSE INC,0.009471153846153848,Business Equipment,0.008204319155000651,1.2846622009391169,0.9251046025104602,0.45581631174851517,1.2353768090955732,0.8698369711369967,0.9478927203065134,453.8699951171875
43123,ATI,A T I INC,0.009471153846153848,Manufacturing,0.010960112132251308,0.7897302942537433,0.9732217573221758,0.21999329392774059,1.2353768090955732,0.8373456518282465,0.9447318007662836,230.0800018310547
51369,TER,TERADYNE INC,0.009471153846153848,Business Equipment,0.008944400407323888,1.2611581668639071,0.9397489539748954,0.20809711459111577,1.2353768090955732,0.815961565153086,0.9356321839080459,379.55999755859375
66384,WDC,WESTERN DIGITAL CORP,0.009471153846153848,Business Equipment,0.008462005480847551,2.613106031687755,0.9163179916317992,0.25801467201200584,1.2353768090955732,0.8155539252196058,0.9354406130268199,437.92999267578125
91090,CROX,CROCS INC,0.009471153846153848,Manufacturing,0.011106356824265348,0.7965525633526598,0.8828451882845189,0.976121115819209,1.2353768090955732,0.9766704943304023,0.9348659003831417,131.7100067138672
89215,AMN,A M N HEALTHCARE SERVICES INC,0.009471153846153848,Other,0.018321155219519932,1.870512493437536,0.9761506276150628,0.9395169083676485,0.0,0.7717620722801967,0.9289272030651341,33.11000061035156
52695,GWW,GRAINGER W W INC,0.009471153846153848,Shops,0.010960112132251308,0.19824523536788405,0.9832635983263598,0.26259043049446884,1.2353768090955732,0.8535179485222297,0.9226053639846743,1301.93994140625
11208,OFG,O F G BANCORP,0.009471153846153848,Finance,0.010960112132251308,0.015077454726562854,0.9824267782426779,0.8296521376275559,1.2353768090955732,0.9948231242594765,0.9208812260536399,52.540000915527344
76573,MLI,MUELLER INDUSTRIES INC,0.009471153846153848,Manufacturing,0.010960112132251308,-0.007556194304368129,0.9782426778242678,0.8139257821772777,1.2353768090955732,0.9885902801667814,0.9159003831417624,68.44999694824219
15579,TXN,TEXAS INSTRUMENTS INC,0.009471153846153848,Business Equipment,0.008204319155000651,0.5520305357203059,0.901255230125523,0.33238715621118975,1.2353768090955732,0.8258625274409497,0.9088122605363984,281.239990234375
84381,ROK,ROCKWELL AUTOMATION INC,0.009471153846153848,Manufacturing,0.008204319155000651,0.30811490990759083,0.9251046025104602,0.3094689146845179,1.2353768090955732,0.8332501218709973,0.9032567049808429,447.0
24643,HWM,HOWMET AEROSPACE INC,0.009471153846153848,Manufacturing,0.010960112132251308,0.17997397422489583,0.9732217573221758,0.14737521067749135,1.2353768090955732,0.8191911310156841,0.9010536398467432,281.3399963378906
15291,ETSY,ETSY INC,0.009471153846153848,Other,0.008395601186449508,0.565198887437565,0.8451882845188284,0.6433852580437631,1.2353768090955732,0.872775232815411,0.9005747126436782,79.4800033569336
14596,FIVN,FIVE 9 INC,0.009471153846153848,Other,0.010960112132251308,0.6181658615746969,0.9807531380753138,0.8117915825294842,0.0,0.7423621215737937,0.8996168582375479,32.630001068115234
80864,RS,RELIANCE INC,0.009471153846153848,Shops,0.008204319155000651,0.4194341997308049,0.8803347280334728,0.45954364920698393,1.2353768090955732,0.8461453745392706,0.8994252873563219,423.5
78829,UMBF,U M B FINANCIAL CORP,0.009471153846153848,Finance,0.009931879721776282,0.11488791080170707,0.8794979079497908,0.7933811312165698,1.2353768090955732,0.9291444939956421,0.8888888888888888,147.5399932861328
86964,FFIV,F 5 INC,0.009471153846153848,Business Equipment,0.010960112132251308,0.8958326439652716,0.9761506276150628,0.5750655552788481,0.0,0.6806492340079966,0.8722222222222222,414.0
79857,PTEN,PATTERSON U T I ENERGY INC,0.009471153846153848,Energy,0.008204319155000651,0.5800640753000474,0.8594142259414226,0.2864102564102564,1.2353768090955732,0.7913557501894612,0.8697318007662835,11.0600004196167
76927,STRL,STERLING CONSTRUCTION CO INC,0.009471153846153848,Other,0.008462005480847551,3.61100755307125,0.7874476987447698,0.35490963824541216,1.2353768090955732,0.7688990056900911,0.8683908045977011,532.760009765625
85863,COLM,COLUMBIA SPORTSWEAR CO,0.009471153846153848,Shops,0.010960112132251308,0.16337472787748827,0.9866108786610879,0.7758333111199964,0.0,0.7365943110435975,0.8659961685823755,56.31999969482422
87717,EXPD,EXPEDITORS INTERNATIONAL WA INC,0.009471153846153848,Other,0.010504234899519866,-0.1345950029890727,0.9305439330543933,0.6232191732565425,1.2353768090955732,0.9146793183131667,0.8659003831417624,177.2100067138672
59045,KEX,KIRBY CORP,0.009471153846153848,Other,0.00899299603764321,0.05341879173852146,0.8485355648535565,0.6588309099028726,1.2353768090955732,0.878477649964289,0.8649425287356323,132.64999389648438
21957,RELY,REMITLY GLOBAL INC,0.009471153846153848,Other,0.010960112132251308,0.787378789539226,0.9903765690376569,0.481694253513723,0.0,0.6651306763491421,0.8643678160919541,23.610000610351562
24100,SEZL,SEZZLE INC,0.009471153846153848,Other,0.008039905550030544,3.276687231074977,0.7615062761506276,0.48580034132278854,1.2353768090955732,0.787353899032657,0.8639846743295019,128.27000427246094
78015,MTX,MINERALS TECHNOLOGIES INC,0.009471153846153848,Chemicals,0.010960112132251308,0.07575645943276578,0.9945606694560669,0.7624466571834994,0.0,0.7376200324967117,0.8618773946360153,73.83000183105469
82307,DVA,DAVITA INC,0.009471153846153848,Healthcare,0.008878558905401348,1.20373253584861,0.909205020920502,0.7284345587304267,0.0,0.6821714011888829,0.8574712643678161,178.33999633789062
89876,CRI,CARTERS INC,0.009471153846153848,Shops,0.010960112132251308,0.06567769515904276,0.9665271966527197,0.845275578657426,0.0,0.7429088528233524,0.8551724137931034,39.7400016784668
85269,VLO,VALERO ENERGY CORP NEW,0.009471153846153848,Energy,0.008114883737896834,0.37934103682595877,0.7707112970711297,0.6089743589743589,1.2353768090955732,0.8232101649518258,0.8549808429118774,323.9200134277344
24965,ULS,UL SOLUTIONS INC,0.009471153846153848,Other,0.008204319155000651,0.23569070510795742,0.8401673640167364,0.4082159520611284,1.2353768090955732,0.8112214000436018,0.8542145593869731,77.05000305175781
18542,CAT,CATERPILLAR INC,0.009471153846153848,Manufacturing,0.008204319155000651,0.9801562173047824,0.8066945606694561,0.2441032557090633,1.2353768090955732,0.7517831841145814,0.8530651340996169,843.3699951171875
93132,FTNT,FORTINET INC,0.009471153846153848,Other,0.010960112132251308,0.7279997399769477,0.9903765690376569,0.38216271539921265,0.0,0.6402477918205145,0.8507662835249042,161.88999938964844
17944,TENB,TENABLE HOLDINGS INC,0.009471153846153848,Other,0.008204319155000651,1.3244118134908305,0.9326359832635983,0.5614098994378796,0.0,0.653302265654449,0.8496168582375478,37.84000015258789
19880,MTZ,MASTEC INC,0.009471153846153848,Other,0.010960112132251308,1.033778297433955,0.9790794979079498,0.3366553259462104,0.0,0.622657555335925,0.8446360153256705,272.6499938964844
25245,CON,CONCENTRA GRP HLDGS PARENT INC,0.009471153846153848,Other,0.008114883737896834,0.38776085214615746,0.7489539748953975,0.6486998335016682,1.2353768090955732,0.8211750063870003,0.8436781609195403,33.029998779296875
21207,NEM,NEWMONT CORP,0.009471153846153848,Other,0.010960112132251308,-0.2782515188044377,0.9497907949790795,0.8099364739462196,1.2353768090955732,0.9719444175441634,0.843103448275862,117.20999908447266
14797,CDNA,CAREDX INC,0.009471153846153848,Healthcare,0.010960112132251308,0.6101231817844075,0.9866108786610879,0.3715007245459278,0.0,0.6355111644000804,0.842816091954023,47.22999954223633
77037,ODFL,OLD DOMINION FREIGHT LINE INC,0.009471153846153848,Other,0.008204319155000651,0.2757585766252035,0.8117154811715481,0.44162395816861016,1.2353768090955732,0.8039248660056186,0.8421455938697318,209.44000244140625
85035,QRVO,QORVO INC,0.009471153846153848,Business Equipment,0.00986574749027572,0.31438607702775623,0.9251046025104602,0.7856203214039817,0.0,0.7052126117317487,0.8398467432950192,96.68000030517578
46690,CBT,CABOT CORP,0.009471153846153848,Chemicals,0.009078227452192498,0.35468515355349317,0.8987447698744769,0.920578473210052,-0.0809270904354052,0.7082688236463943,0.8396551724137932,86.9800033569336
92611,V,VISA INC,0.009471153846153848,Other,0.010960112132251308,-0.3407932335806303,0.9761506276150628,0.5506869501698346,1.2353768090955732,0.9216299445498579,0.839272030651341,362.82000732421875
90829,CF,C F INDUSTRIES HOLDINGS INC,0.009471153846153848,Chemicals,0.009576070630073971,0.03360483346285561,0.7581589958158996,0.8596491228070176,1.2353768090955732,0.8789750902196138,0.8339080459770114,117.80000305175781
90634,AX,AXOS FINANCIAL INC,0.009471153846153848,Finance,0.009497837648265742,-0.30808292473623033,0.9422594142259414,0.5807313834831759,1.2353768090955732,0.9105008855141765,0.8323754789272031,100.16000366210938
84129,ZION,ZIONS BANCORPORATION N A,0.009471153846153848,Finance,0.008849029954560288,-0.08497381460632582,0.794560669456067,0.8316217138955274,1.2353768090955732,0.8919891584938333,0.832088122605364,71.0
14263,VCYT,VERACYTE INC,0.009471153846153848,Other,0.008204319155000651,0.6679248504770652,0.7623430962343096,0.40032185719253083,1.2353768090955732,0.7664445290461177,0.8314176245210728,46.40999984741211
23744,CR,CRANE CO NEW,0.009471153846153848,Business Equipment,0.008204319155000651,-0.2134624559032837,0.902092050209205,0.42793932616823493,1.2353768090955732,0.8502108209762362,0.8270114942528736,220.55999755859375
75654,CGNX,COGNEX CORP,0.009471153846153848,Business Equipment,0.010960112132251308,1.4502369543205975,0.9615062761506277,0.2968116777105541,0.0,0.6030313713104838,0.8245210727969349,62.900001525878906
85913,MAR,MARRIOTT INTERNATIONAL INC NEW,0.009471153846153848,Other,0.008204319155000651,0.07982939243197289,0.80418410041841,0.47077016723256354,1.2353768090955732,0.8070691588573811,0.8243295019157089,349.489990234375
41292,HCSG,HEALTHCARE SERVICES GROUP INC,0.009471153846153848,Other,0.010960112132251308,-0.020297052761166137,0.9648535564853556,0.702363597657763,0.0,0.7062603554813863,0.8241379310344827,20.959999084472656
13105,ACHC,ACADIA HEALTHCARE CO INC,0.009471153846153848,Other,0.008395601186449508,0.7676293531544085,0.896234309623431,0.6387181492502052,0.0,0.6526084076054384,0.8239463601532567,31.100000381469727
84769,APH,AMPHENOL CORP NEW,0.009471153846153848,Business Equipment,0.008204319155000651,0.13477914689091441,0.8242677824267782,0.3501286690203087,1.2353768090955732,0.7879548094089199,0.8235632183908046,167.22999572753906
88446,ILMN,ILLUMINA INC,0.009471153846153848,Business Equipment,0.010960112132251308,0.5001235332023006,0.9615062761506277,0.46010706955288944,-0.0809270904354052,0.6276698011839865,0.8231800766283525,192.83999633789062
27633,R,RYDER SYSTEMS INC,0.009471153846153848,Other,0.008943182578560284,0.44308612546875886,0.9405857740585774,0.5917349351941324,-0.0809270904354052,0.6490704914436697,0.8229885057471265,258.5899963378906
16600,HSY,HERSHEY CO,0.009471153846153848,Consumer NonDurables,0.010960112132251308,-0.3862528174588418,0.9673640167364017,0.359114015976761,1.2353768090955732,0.8689040750183259,0.8206896551724138,181.97999572753906
13901,MO,ALTRIA GROUP INC,0.009471153846153848,Consumer NonDurables,0.010960112132251308,0.035235624918235925,0.9548117154811715,0.6808278867102396,0.0,0.6953534151922043,0.8197318007662836,65.02999877929688
20975,DAVE,DAVE INC,0.009471153846153848,Other,0.008114883737896834,1.3924575522641194,0.6786610878661088,0.5773626354242297,1.2353768090955732,0.7646796190015319,0.8180076628352491,310.0
12558,KMI,KINDER MORGAN INC,0.009471153846153848,Utilities,0.00899299603764321,-0.2621168672735973,0.8769874476987448,0.6019871420222093,1.2353768090955732,0.8799152435589768,0.814367816091954,31.479999542236328
13600,QLYS,QUALYS INC,0.009471153846153848,Other,0.010960112132251308,-0.178553493825029,0.9903765690376569,0.7177298630928951,0.0,0.7241395787439352,0.8116858237547893,188.30999755859375
20057,VTRS,VIATRIS INC,0.009471153846153848,Other,0.008996919409058253,0.3482512343393831,0.8732217573221758,0.7721229743775937,0.0,0.6733027101215951,0.8066091954022988,16.280000686645508
89753,FORM,FORMFACTOR INC,0.009471153846153848,Business Equipment,0.03111963024720795,2.3790933311857363,0.9615062761506277,0.17739689794536492,0.0,0.5731776763691865,0.8061302681992337,121.06999969482422
22199,COCO,VITA COCO CO INC,0.009471153846153848,Other,0.008204319155000651,0.8208615552455064,0.9326359832635983,0.37427705194014066,0.0,0.6065190537800144,0.8061302681992337,64.45999908447266
25661,ECG,EVERUS CONSTRUCTION GROUP INC,0.009471153846153848,Other,0.008204319155000651,1.1923951380476734,0.9196652719665271,0.4545686140512883,-0.0809270904354052,0.603272635007331,0.8047892720306513,134.47999572753906
75591,IEX,IDEX CORP,0.009471153846153848,Manufacturing,0.010960112132251308,0.1002001432229967,0.9569037656903766,0.5036241721264777,0.0,0.6522031141613266,0.8016283524904215,237.30999755859375
84636,WTFC,WINTRUST FINANCIAL CORP,0.009471153846153848,Finance,0.00899299603764321,-0.11473938430478392,0.7673640167364016,0.6753670194605668,1.2353768090955732,0.8379673258892772,0.800191570881226,162.10000610351562
16505,BPOP,POPULAR INC,0.009471153846153848,Finance,0.008114883737896834,0.13284808678309842,0.7121338912133891,0.6823671332650507,1.2353768090955732,0.8093407853027415,0.7975095785440613,174.83999633789062
14076,MUSA,MURPHY USA INC,0.009471153846153848,Shops,0.00899299603764321,0.044303026186287744,0.7305439330543934,0.6334339153227598,1.2353768090955732,0.8072330038297211,0.7961685823754789,544.219970703125
77526,RNST,RENASANT CORP,0.009471153846153848,Finance,0.008204319155000651,0.057227483397935916,0.7506276150627615,0.5155115511551155,1.2353768090955732,0.7887984378924124,0.7948275862068965,42.93000030517578
23517,DRS,LEONARDO DRS INC,0.009471153846153848,Other,0.008204319155000651,0.23089408023359184,0.9326359832635983,0.4628670109719477,0.0,0.6286665435379661,0.7938697318007664,44.65999984741211
93374,FAF,FIRST AMERICAN FINL CORP NEW,0.009471153846153848,Finance,0.010960112132251308,-0.09998906140176461,0.9506276150627615,0.7068108190129357,-0.0809270904354052,0.6833624749506717,0.792337164750958,71.69000244140625
76795,ZBRA,ZEBRA TECHNOLOGIES CORP,0.009471153846153848,Business Equipment,0.010960112132251308,-0.09934170460827953,0.9481171548117154,0.7135311629693653,-0.0809270904354052,0.6836618078017038,0.7919540229885058,383.05999755859375
81577,WAFD,WAFD INC,0.009471153846153848,Finance,0.008944400407323888,0.045231033180326126,0.9443514644351464,0.4916945487652214,0.0,0.642316942630636,0.7894636015325671,38.060001373291016
34032,MAS,MASCO CORP,0.009471153846153848,Manufacturing,0.009616733979870923,0.12477190391673751,0.8845188284518829,0.7859653925129374,-0.0809270904354052,0.6667912856896889,0.7894636015325669,76.13999938964844
10892,WSFS,WSFS FINANCIAL CORP,0.009471153846153848,Finance,0.00823324424155374,0.22140698467369627,0.6690376569037657,0.7560851257539546,1.2353768090955732,0.8040673545546744,0.7887931034482758,81.11000061035156
85059,FIX,COMFORT SYSTEMS USA INC,0.009471153846153848,Other,0.008462005480847551,1.5748762315360187,0.907112970711297,0.3647523984123889,-0.0809270904354052,0.5739148154072296,0.78544061302682,1688.050048828125
20161,CHRD,CHORD ENERGY CORP,0.009471153846153848,Other,0.009576070630073971,0.034063188261407994,0.6535564853556486,0.887857610424971,1.2353768090955732,0.8284958313709643,0.7837164750957855,139.22999572753906
38659,GNTX,GENTEX CORP,0.009471153846153848,Consumer Durables,0.009401745095199691,-0.13312205220089582,0.7196652719665272,0.816849816849817,1.2353768090955732,0.8471037156131589,0.7800766283524905,23.93000030517578
79499,INOD,INNODATA INC,0.009471153846153848,Business Equipment,0.008462005480847551,2.4037253213752727,0.8945606694560669,0.3171690536763856,0.0,0.5713006316199333,0.778544061302682,62.709999084472656
20618,CRS,CARPENTER TECHNOLOGY CORP,0.009471153846153848,Manufacturing,0.008204319155000651,0.9387471525251616,0.7146443514644352,0.1469100881878175,1.2353768090955732,0.6768572771715085,0.7768199233716475,537.5700073242188
18091,CW,CURTISS WRIGHT CORP,0.009471153846153848,Manufacturing,0.008204319155000651,0.2566493559738017,0.7376569037656904,0.24129174975074777,1.2353768090955732,0.7131095963279314,0.7765325670498084,705.9600219726562
78170,SM,S M ENERGY CO,0.009471153846153848,Energy,0.00823324424155374,0.32752934802164996,0.6368200836820084,0.7469230769230769,1.2353768090955732,0.7840571770749885,0.7760536398467432,32.5099983215332
14795,TKR,TIMKEN CO,0.009471153846153848,Manufacturing,0.008204319155000651,0.9308085185121148,0.6179916317991632,0.5571644441674976,1.2353768090955732,0.7262618703505288,0.7754789272030651,128.5399932861328
24688,BTSG,BRIGHTSPRING HEALTH SERVICES INC,0.009471153846153848,Other,0.008204319155000651,1.3862427733385774,0.6414225941422594,0.3942268369849362,1.2353768090955732,0.6984144978435914,0.7740421455938697,57.88999938964844
76504,CATY,CATHAY GENERAL BANCORP,0.009471153846153848,Finance,0.008996919409058253,0.19671103172333618,0.8468619246861925,0.7610189294791548,0.0,0.6560287909471946,0.7739463601532567,63.70000076293945
77520,AGCO,A G C O CORP,0.009471153846153848,Manufacturing,0.010960112132251308,-0.2955633951755616,0.9569037656903766,0.8389077558989698,-0.0809270904354052,0.7198385920173686,0.7721264367816093,101.43000030517578
12872,MPC,MARATHON PETROLEUM CORP,0.009471153846153848,Energy,0.008204319155000651,0.41758388383767403,0.6443514644351465,0.5543589743589744,1.2353768090955732,0.7400584108481889,0.771647509578544,336.4200134277344
15400,ENR,ENERGIZER HOLDINGS INC NEW,0.009471153846153848,Business Equipment,0.010912983957076348,-0.20792522309870787,0.9251046025104602,0.8007303452171097,0.0,0.7089901176850306,0.7699233716475096,22.3799991607666
79824,FFIN,FIRST FINANCIAL BANKSHARES INC,0.009471153846153848,Finance,0.008204319155000651,-0.05121464045233472,0.7506276150627615,0.413298433291605,1.2353768090955732,0.7632451584265347,0.7699233716475096,34.79999923706055
87657,EW,EDWARDS LIFESCIENCES CORP,0.009471153846153848,Healthcare,0.008204319155000651,-0.23147087079342588,0.8317991631799163,0.3757710903830011,1.2353768090955732,0.7985076741638188,0.7657088122605363,93.66000366210938
17987,VRT,VERTIV HOLDINGS CO,0.009471153846153848,Business Equipment,0.008204319155000651,1.4075120758706912,0.6527196652719666,0.26727542332189064,1.2353768090955732,0.672890033549169,0.7628352490421456,281.80999755859375
62148,CSX,C S X CORP,0.009471153846153848,Other,0.008204319155000651,0.8599905049146702,0.8602510460251046,0.5160224051461251,-0.0809270904354052,0.5859582585132578,0.7618773946360152,49.939998626708984
18911,DDOG,DATADOG INC,0.009471153846153848,Other,0.008462005480847551,2.235785014935426,0.8732217573221758,0.30505072670810607,0.0,0.5565346482042233,0.7613984674329503,246.77999877929688
77702,SBUX,STARBUCKS CORP,0.009471153846153848,Shops,0.008204319155000651,-0.007114717543195028,0.7543933054393306,0.18851641565595986,1.2353768090955732,0.7091207837247364,0.7579501915708812,106.66000366210938
15084,TFIN,TRIUMPH FINANCIAL INC,0.009471153846153848,Other,0.008395601186449508,0.13789295437500051,0.8744769874476988,0.6221613636121215,-0.0809270904354052,0.6203172659121836,0.7576628352490422,76.33999633789062
16932,ROKU,ROKU INC,0.009471153846153848,Other,0.008204319155000651,0.503572702115043,0.895397489539749,0.34566100334843464,0.0,0.5788838700839707,0.75727969348659,150.91000366210938
89875,ANIP,A N I PHARMACEUTICALS INC,0.009471153846153848,Healthcare,0.009401745095199691,-0.34780861473104807,0.7631799163179916,0.7486557210990586,1.2353768090955732,0.8539882460687747,0.7557471264367817,74.52999877929688
91413,EVR,EVERCORE INC,0.009471153846153848,Finance,0.008204319155000651,-0.16239075187095145,0.7665271966527196,0.4471188498160161,1.2353768090955732,0.7804450324321144,0.7540229885057471,303.05999755859375
90175,XPO,X P O INC,0.009471153846153848,Other,0.008204319155000651,0.5007290881286043,0.6435146443514644,0.39703432375901476,1.2353768090955732,0.7002669971521738,0.753448275862069,203.39999389648438
15429,LNTH,LANTHEUS HOLDINGS INC,0.009471153846153848,Other,0.008114883737896834,0.8994640244545741,0.7765690376569038,0.71144001432701,0.0,0.6049729742930496,0.7528735632183908,100.68000030517578
64450,NJR,NEW JERSEY RES,0.009471153846153848,Utilities,0.009376232948437353,-0.07969368444373422,0.8619246861924686,0.7369959088252483,0.0,0.6583075546121698,0.7522988505747126,54.7400016784668
82575,BANR,BANNER CORP,0.009471153846153848,Finance,0.009401745095199691,-0.18531543767610897,0.8853556485355648,0.8319441599332347,0.0,0.6949316466778693,0.7521072796934866,72.76000213623047
14543,BLBD,BLUE BIRD CORP,0.009471153846153848,Other,0.00823324424155374,0.6870903562339221,0.5405857740585774,0.7957678483791965,1.2353768090955732,0.7433394996461313,0.7519157088122606,66.18000030517578
16044,NGVT,INGEVITY CORP,0.009471153846153848,Chemicals,0.009497837648265742,-0.21912901191051454,0.9389121338912134,0.7003319108582265,-0.0809270904354052,0.675299233267643,0.7494252873563217,77.79000091552734
34833,OXY,OCCIDENTAL PETROLEUM CORP,0.009471153846153848,Energy,0.00899299603764321,-0.12959495136042995,0.6836820083682008,0.7238461538461539,1.2353768090955732,0.8040620048831637,0.7475095785440613,59.060001373291016
91463,CVLT,COMMVAULT SYSTEMS INC,0.009471153846153848,Business Equipment,0.008204319155000651,0.4930414833220809,0.8631799163179916,0.42772463364731506,0.0,0.5816801123867241,0.7469348659003832,139.42999267578125
